FP_line,FP_sample,FP_latitude,FP_longitude,FP_T21,FP_T31,FP_MeanT21,FP_MeanT31,FP_MeanDT,FP_MAD_T21,FP_MAD_T31,FP_MAD_DT,FP_power,FP_AdjCloud,FP_AdjWater,FP_NumValid,FP_confidence
1498,610,65.3708,-146.878,322.284,298.602,303.763,297.574,6.18912,5.51059,3.17203,2.38349,19.3484,0,0,21,49
1499,610,65.3622,-146.885,335.938,302.123,306.632,298.82,7.81163,6.1482,3.14263,3.452,37.0474,0,0,22,78
1500,616,65.3376,-146.773,321.211,302.667,305.649,299.206,6.44238,4.24878,3.16944,1.30634,16.3326,0,0,17,54
1500,617,65.3347,-146.753,328.814,304.109,307.102,300.007,7.09466,5.42104,3.77451,1.81397,25.279,0,0,16,66
1500,630,65.2963,-146.485,318.854,295.87,299.579,290.255,9.32398,2.87535,1.79367,3.70639,18.3495,1,0,11,39
1501,605,65.3612,-147.009,311.691,298.493,301.712,295.843,5.86878,0.999999,1.79533,1.935,9.02036,0,0,21,32
